{
    "DQN": {
        "total_reward_mean": 3.2271536072649023,
        "total_reward_std": 1.8403791274280352,
        "total_reward_min": 0.050000000000000044,
        "total_reward_max": 5.424877204239867,
        "steps_mean": 10.0,
        "steps_std": 0.0,
        "steps_min": 10.0,
        "steps_max": 10.0,
        "max_alert_level_mean": 0.15586153607264902,
        "max_alert_level_std": 0.1977453801832302,
        "max_alert_level_min": 0.0,
        "max_alert_level_max": 0.8512047758146867,
        "final_alert_level_mean": 0.15186153607264902,
        "final_alert_level_std": 0.20021020871172243,
        "final_alert_level_min": 0.0,
        "final_alert_level_max": 0.8512047758146867,
        "total_data_exfiltrated_mean": 0.033615360726490136,
        "total_data_exfiltrated_std": 0.0273740424412937,
        "total_data_exfiltrated_min": 0.0,
        "total_data_exfiltrated_max": 0.07037001570355864,
        "final_nodes_compromised_mean": 0.82,
        "final_nodes_compromised_std": 0.38418745424597095,
        "final_nodes_compromised_min": 0.0,
        "final_nodes_compromised_max": 1.0,
        "resources_left_mean": -0.15,
        "resources_left_std": 0.3570714214271425,
        "resources_left_min": -1.0,
        "resources_left_max": 0.0,
        "success_rate": 0.7,
        "action_distribution_mean": [
            4.84,
            1.05,
            1.47,
            0.0,
            2.49,
            0.15
        ]
    },
    "PPO": {
        "total_reward_mean": 5.272284000576498,
        "total_reward_std": 3.437959053625113,
        "total_reward_min": -5.3,
        "total_reward_max": 9.550364879871957,
        "steps_mean": 9.81,
        "steps_std": 0.3923009049186606,
        "steps_min": 9.0,
        "steps_max": 10.0,
        "max_alert_level_mean": 0.18352784000576494,
        "max_alert_level_std": 0.20696857662561324,
        "max_alert_level_min": 0.0,
        "max_alert_level_max": 1.0,
        "final_alert_level_mean": 0.13539820659812715,
        "final_alert_level_std": 0.21529743792242748,
        "final_alert_level_min": 0.0,
        "final_alert_level_max": 1.0,
        "total_data_exfiltrated_mean": 0.2302784000576496,
        "total_data_exfiltrated_std": 0.1797489718319613,
        "total_data_exfiltrated_min": 0.0,
        "total_data_exfiltrated_max": 0.4620879301524481,
        "final_nodes_compromised_mean": 0.84,
        "final_nodes_compromised_std": 0.36660605559646725,
        "final_nodes_compromised_min": 0.0,
        "final_nodes_compromised_max": 1.0,
        "resources_left_mean": -0.2,
        "resources_left_std": 0.4,
        "resources_left_min": -1.0,
        "resources_left_max": 0.0,
        "success_rate": 0.68,
        "action_distribution_mean": [
            4.57,
            1.25,
            1.51,
            0.0,
            2.09,
            0.39
        ]
    }
}