{
    "DQN": {
        "total_reward_mean": 8.952964856851052,
        "total_reward_std": 3.02080546294598,
        "total_reward_min": -4.7,
        "total_reward_max": 13.032069926318345,
        "steps_mean": 9.68,
        "steps_std": 0.466476151587624,
        "steps_min": 9.0,
        "steps_max": 10.0,
        "max_alert_level_mean": 0.2697496485685105,
        "max_alert_level_std": 0.2202139362917012,
        "max_alert_level_min": 0.0,
        "max_alert_level_max": 1.0,
        "final_alert_level_mean": 0.1274167241057668,
        "final_alert_level_std": 0.2455430785995159,
        "final_alert_level_min": 0.0,
        "final_alert_level_max": 1.0,
        "total_data_exfiltrated_mean": 0.4724964856851054,
        "total_data_exfiltrated_std": 0.1783644894496329,
        "total_data_exfiltrated_min": 0.0,
        "total_data_exfiltrated_max": 0.7482069926318343,
        "final_nodes_compromised_mean": 0.98,
        "final_nodes_compromised_std": 0.13999999999999999,
        "final_nodes_compromised_min": 0.0,
        "final_nodes_compromised_max": 1.0,
        "resources_left_mean": -0.5,
        "resources_left_std": 0.5,
        "resources_left_min": -1.0,
        "resources_left_max": 0.0,
        "success_rate": 0.93,
        "action_distribution_mean": [
            3.3,
            1.6,
            1.89,
            0.0,
            2.07,
            0.82
        ]
    },
    "PPO": {
        "total_reward_mean": 4.217846208721704,
        "total_reward_std": 2.676627000802766,
        "total_reward_min": -0.49999999999999994,
        "total_reward_max": 7.342674297925088,
        "steps_mean": 10.0,
        "steps_std": 0.0,
        "steps_min": 10.0,
        "steps_max": 10.0,
        "max_alert_level_mean": 0.13089846208721703,
        "max_alert_level_std": 0.14836594901269082,
        "max_alert_level_min": 0.0,
        "max_alert_level_max": 0.75,
        "final_alert_level_mean": 0.13089846208721703,
        "final_alert_level_std": 0.14836594901269082,
        "final_alert_level_min": 0.0,
        "final_alert_level_max": 0.75,
        "total_data_exfiltrated_mean": 0.14398462087217045,
        "total_data_exfiltrated_std": 0.12649993980632482,
        "total_data_exfiltrated_min": 0.0,
        "total_data_exfiltrated_max": 0.3092674297925088,
        "final_nodes_compromised_mean": 0.79,
        "final_nodes_compromised_std": 0.40730823708832603,
        "final_nodes_compromised_min": 0.0,
        "final_nodes_compromised_max": 1.0,
        "resources_left_mean": 0.0,
        "resources_left_std": 0.0,
        "resources_left_min": 0.0,
        "resources_left_max": 0.0,
        "success_rate": 0.63,
        "action_distribution_mean": [
            5.12,
            1.12,
            1.17,
            0.0,
            2.59,
            0.0
        ]
    }
}